song_id,song_hotttnesss
SONG_365464,0.2222222222
SONG_451710,0.11111111111